City_ID,City,Lat,Lng,Max Temp,Humidity,Cloudiness,Wind Speed,Country,Date
0,matay,28.42,30.78,15.34,51,19,3.84,EG,1609519501
1,ushuaia,-54.8,-68.3,13.0,82,90,3.35,AR,1609519501
2,mahebourg,-20.41,57.7,25.0,78,40,5.7,MU,1609519501
3,nouadhibou,20.93,-17.03,25.0,33,0,7.7,MR,1609519203
4,bluff,-46.6,168.33,12.78,97,99,2.24,NZ,1609519501
5,kavieng,-2.57,150.8,28.02,77,36,5.34,PG,1609519501
6,yumen,40.28,97.2,-9.46,74,100,3.44,CN,1609519502
7,kindu,-2.95,25.95,21.2,95,100,0.87,CD,1609519504
8,chokurdakh,70.63,147.92,-34.8,86,59,1.71,RU,1609519504
9,necochea,-38.55,-58.74,25.25,35,78,4.2,AR,1609519504
10,nemuro,43.32,145.57,-9.46,83,0,8.04,JP,1609519394
11,provideniya,64.38,-173.3,-5.29,97,100,11.17,RU,1609519396
12,cape town,-33.93,18.42,20.76,49,0,11.8,ZA,1609519473
13,jamestown,42.1,-79.24,-2.01,79,1,4.1,US,1609519491
14,rikitea,-23.12,-134.97,25.29,68,31,4.88,PF,1609519391
15,manukan,8.53,123.1,26.53,82,100,6.53,PH,1609519505
16,bredy,52.42,60.34,-17.05,93,100,2.11,RU,1609519505
17,leningradskiy,69.38,178.42,-21.63,90,100,4.15,RU,1609519505
18,punta arenas,-53.15,-70.92,15.78,72,0,2.1,CL,1609519325
19,sao filipe,14.9,-24.5,24.65,70,2,4.17,CV,1609519506
20,mataura,-46.19,168.86,12.78,97,100,2.24,NZ,1609519506
21,tuktoyaktuk,69.45,-133.04,-31.0,74,40,3.1,CA,1609519506
22,vaini,-21.2,-175.2,24.0,88,75,2.6,TO,1609519506
23,hasaki,35.73,140.83,-3.73,79,20,0.5,JP,1609519506
24,urdoma,61.75,48.54,-4.99,97,100,3.36,RU,1609519506
25,biak,-0.91,122.88,25.33,80,98,1.46,ID,1609519506
26,ponta delgada,37.73,-25.67,14.0,82,40,6.7,PT,1609519506
27,nikolskoye,59.7,30.79,0.7,98,90,2.0,RU,1609519507
28,avarua,-21.21,-159.78,27.0,78,81,7.2,CK,1609519507
29,port alfred,-33.59,26.89,20.56,65,64,1.34,ZA,1609519390
30,mayumba,-3.43,10.66,26.5,84,87,3.51,GA,1609519414
31,mirnyy,62.54,113.96,-33.0,82,0,4.0,RU,1609519507
32,esperance,-33.87,121.9,17.0,72,90,7.7,AU,1609519507
33,saint-philippe,-21.36,55.77,23.93,78,0,3.1,RE,1609519507
34,namatanai,-3.67,152.43,26.45,73,76,3.49,PG,1609519507
35,butaritari,3.07,172.79,26.95,77,57,8.56,KI,1609519507
36,atuona,-9.8,-139.03,25.53,74,4,7.36,PF,1609519392
37,hilo,19.73,-155.09,18.93,83,75,2.1,US,1609519389
38,airai,-8.93,125.41,16.89,100,100,0.25,TL,1609519398
39,bredasdorp,-34.53,20.04,19.0,48,0,5.7,ZA,1609519394
40,pevek,69.7,170.31,-26.99,89,100,3.77,RU,1609519508
41,torbay,47.67,-52.73,-1.07,63,75,10.8,CA,1609519389
42,ambunti,-4.24,142.84,22.8,96,100,0.53,PG,1609519508
43,chuy,-33.7,-53.46,29.91,24,77,4.92,UY,1609519508
44,kutum,14.2,24.67,21.43,22,84,3.97,SD,1609519509
45,bathsheba,13.22,-59.52,29.0,58,75,11.3,BB,1609519394
46,arraial do cabo,-22.97,-42.03,28.43,69,20,4.1,BR,1609519393
47,lagoa,39.05,-27.98,15.14,79,66,9.01,PT,1609519509
48,tonkino,57.37,46.46,-7.9,97,100,3.87,RU,1609519509
49,busselton,-33.65,115.33,17.58,74,97,1.34,AU,1609519485
50,komsomolskiy,40.43,71.72,-3.0,79,90,1.0,UZ,1609519509
51,hermanus,-34.42,19.23,20.56,52,0,3.13,ZA,1609519509
52,booue,-0.09,11.94,26.16,84,70,1.06,GA,1609519509
53,merauke,-8.47,140.33,27.3,83,100,2.84,ID,1609519509
54,grindavik,63.84,-22.43,1.0,84,75,5.7,IS,1609519419
55,kirakira,-10.45,161.92,26.61,74,10,1.8,SB,1609519510
56,hobart,-42.88,147.33,14.0,71,90,3.1,AU,1609519234
57,carutapera,-1.2,-46.02,30.19,64,78,4.54,BR,1609519458
58,yellowknife,62.46,-114.35,-30.77,74,20,1.5,CA,1609519510
59,hirara,24.8,125.28,17.51,80,63,10.95,JP,1609519510
60,victoria,22.29,114.16,10.91,35,56,3.94,HK,1609519373
61,marzuq,14.4,46.47,17.63,53,41,2.48,YE,1609519511
62,kinshasa,-4.32,15.32,28.47,74,40,2.1,CD,1609519511
63,severo-kurilsk,50.68,156.12,-1.19,93,100,4.33,RU,1609519511
64,tasiilaq,65.61,-37.64,-1.0,86,100,6.2,GL,1609519511
65,maningrida,-12.07,134.27,27.07,80,100,3.67,AU,1609519511
66,arcachon,44.59,-1.05,4.53,93,78,3.1,FR,1609519511
67,nouakchott,18.09,-15.98,30.0,17,0,7.2,MR,1609519317
68,manbij,36.53,37.95,10.0,61,75,1.0,SY,1609519511
69,mana,5.66,-53.78,28.75,73,46,3.57,GF,1609519512
70,los llanos de aridane,28.66,-17.92,16.2,77,75,4.1,ES,1609519512
71,borisovka,50.62,35.99,0.0,98,90,5.0,RU,1609519512
72,mar del plata,-38.0,-57.56,25.0,41,0,9.3,AR,1609519512
73,sur,22.57,59.53,20.6,47,3,4.38,OM,1609519512
74,new norfolk,-42.78,147.06,10.9,71,90,3.1,AU,1609519512
75,filingue,14.35,3.32,30.25,12,0,2.32,NE,1609519512
76,fortuna,40.6,-124.16,6.48,100,1,4.1,US,1609519512
77,souillac,-20.52,57.52,25.0,78,40,5.7,MU,1609519511
78,gornopravdinsk,60.05,69.9,-32.83,85,69,1.03,RU,1609519513
79,north myrtle beach,33.82,-78.68,14.18,100,90,4.1,US,1609519513
80,lebu,-37.62,-73.65,16.82,69,0,8.05,CL,1609519513
81,flinders,-34.58,150.86,17.06,88,78,0.45,AU,1609519432
82,joensuu,62.6,29.76,0.29,95,90,2.1,FI,1609519514
83,dinguiraye,11.3,-10.72,36.32,12,0,2.0,GN,1609519515
84,dandong,40.13,124.39,-12.37,67,0,3.4,CN,1609519515
85,bethel,41.37,-73.41,1.06,59,1,2.1,US,1609519227
86,faanui,-16.48,-151.75,26.79,78,99,8.91,PF,1609519515
87,natal,-5.79,-35.21,31.0,55,20,7.2,BR,1609519515
88,kapaa,22.08,-159.32,23.3,73,40,9.8,US,1609519390
89,bambous virieux,-20.34,57.76,25.53,78,40,5.7,MU,1609519488
90,walvis bay,-22.96,14.51,18.44,72,55,4.6,NA,1609519515
91,te anau,-45.42,167.72,10.03,92,99,2.04,NZ,1609519394
92,shetpe,44.17,52.12,-0.65,80,83,8.95,KZ,1609519516
93,buala,-8.14,159.59,27.09,75,46,2.17,SB,1609519516
94,avera,33.19,-82.53,19.3,90,90,4.1,US,1609519516
95,safaga,26.73,33.94,22.0,56,0,3.6,EG,1609519516
96,le tampon,-21.27,55.52,23.84,78,0,3.1,RE,1609519516
97,saskylakh,71.92,114.08,-26.04,86,100,8.08,RU,1609519516
98,oranjemund,-28.55,16.43,19.09,67,4,11.76,NA,1609519516
99,sydney,-33.87,151.21,17.38,77,75,3.1,AU,1609519316
100,adrar,20.5,-10.07,22.69,23,0,5.16,MR,1609519516
101,sao felix do xingu,-6.64,-51.99,34.65,44,5,1.19,BR,1609519517
102,santiago del estero,-27.8,-64.26,33.89,33,3,2.24,AR,1609519362
103,sibolga,1.74,98.78,25.52,82,100,1.16,ID,1609519517
104,tessalit,20.2,1.01,27.39,19,8,5.82,ML,1609519517
105,thompson,55.74,-97.86,-15.0,92,90,1.0,CA,1609519490
106,georgetown,5.41,100.34,26.25,78,20,2.6,MY,1609519411
107,riihimaki,60.74,24.78,1.68,93,100,0.84,FI,1609519517
108,plattsburgh,44.7,-73.45,0.29,89,90,3.6,US,1609519517
109,fukue,32.69,128.84,8.95,71,94,7.25,JP,1609519517
110,okhotsk,59.38,143.3,-21.12,79,90,6.77,RU,1609519422
111,arlit,18.74,7.39,26.32,17,0,2.06,NE,1609519414
112,ambilobe,-13.2,49.05,24.78,86,52,0.51,MG,1609519518
113,kharan,28.58,65.42,6.87,46,4,1.83,PK,1609519518
114,vardo,70.37,31.11,-2.0,92,75,9.3,NO,1609519518
115,hamilton,39.18,-84.53,2.44,93,90,3.39,US,1609519507
116,camapua,-19.53,-54.04,33.18,41,69,2.61,BR,1609519518
117,qaanaaq,77.48,-69.36,-11.62,88,100,2.42,GL,1609519394
118,ruteng,-8.61,120.47,17.27,99,89,0.54,ID,1609519518
119,conceicao do araguaia,-8.26,-49.26,34.28,47,0,1.8,BR,1609519518
120,jampur,29.64,70.6,12.18,33,0,3.1,PK,1609519518
121,bambanglipuro,-7.95,110.28,24.19,91,100,4.24,ID,1609519409
122,sovetskiy,61.36,63.58,-33.0,85,0,0.68,RU,1609519519
123,cidreira,-30.18,-50.21,23.63,49,0,4.39,BR,1609519519
124,taicheng,38.73,113.23,-8.89,77,0,1.47,CN,1609519519
125,albany,42.6,-73.97,0.46,58,70,1.17,US,1609519313
126,ancud,-41.87,-73.82,17.57,59,0,3.1,CL,1609519395
127,atar,20.52,-13.05,24.55,21,0,6.43,MR,1609519519
128,luwuk,-0.95,122.79,25.57,75,100,1.72,ID,1609519519
129,guerrero negro,27.98,-114.06,16.82,37,0,5.65,MX,1609519519
130,igarka,67.47,86.58,-32.19,76,30,1.32,RU,1609519519
131,vilyuysk,63.76,121.62,-34.22,84,98,2.62,RU,1609519520
132,dauriya,49.93,116.87,-27.78,84,0,3.37,RU,1609519520
133,puerto rico,-26.8,-55.02,34.94,18,0,1.79,AR,1609519520
134,college,64.86,-147.8,-18.04,69,20,1.84,US,1609519454
135,hostinne,50.54,15.72,-2.34,93,92,1.13,CZ,1609519520
136,chapais,49.78,-74.85,-12.0,85,90,4.6,CA,1609519520
137,escanaba,45.75,-87.06,-5.73,92,90,1.38,US,1609519224
138,kvarkeno,52.08,59.73,-15.99,92,100,2.52,RU,1609519520
139,rio grande,-32.03,-52.1,30.29,23,0,2.37,BR,1609519327
140,mashhad,36.3,59.61,1.0,50,0,3.1,IR,1609519476
141,srednekolymsk,67.45,153.68,-35.98,84,100,0.38,RU,1609519520
142,waipawa,-41.41,175.52,15.28,93,100,4.6,NZ,1609519521
143,fuji,35.17,138.68,-0.91,77,0,0.89,JP,1609519521
144,clyde river,70.47,-68.59,-25.0,75,1,1.5,CA,1609519489
145,mamurras,41.58,19.69,9.0,76,40,1.0,AL,1609519521
146,korla,41.76,86.15,-8.24,88,100,0.95,CN,1609519521
147,arman,59.7,150.17,-23.59,78,33,6.17,RU,1609519521
148,dingle,11.0,122.67,23.98,91,78,3.47,PH,1609519521
149,redlands,34.06,-117.18,12.1,24,1,8.7,US,1609519302
150,chilca,-12.52,-76.74,22.82,73,75,5.1,PE,1609519521
151,chilliwack,49.17,-121.94,4.97,93,100,2.6,CA,1609519521
152,hai duong,20.93,106.32,11.63,76,0,2.6,VN,1609519521
153,namibe,-15.2,12.15,22.19,75,100,4.72,AO,1609519522
154,mbarara,-0.61,30.65,17.12,91,100,0.4,UG,1609519522
155,laguna,38.42,-121.42,5.66,87,90,2.1,US,1609519522
156,changli,39.7,119.15,-9.59,90,26,2.66,CN,1609519522
157,puerto baquerizo moreno,-0.9,-89.6,25.0,83,40,5.1,EC,1609519522
158,soure,-0.72,-48.52,29.1,66,91,2.54,BR,1609519522
159,talara,-4.58,-81.27,28.0,54,0,7.2,PE,1609519240
160,berbera,10.44,45.01,24.72,72,83,6.07,SO,1609519522
161,saldanha,-33.01,17.94,24.0,38,0,10.3,ZA,1609519522
162,constantine,36.37,6.61,9.0,45,40,5.7,DZ,1609519522
163,sao miguel do araguaia,-13.28,-50.16,33.39,48,84,1.48,BR,1609519510
164,panino,51.65,40.13,0.0,97,90,5.0,RU,1609519522
165,chernyshevskiy,63.01,112.47,-33.33,84,83,1.24,RU,1609519523
166,san luis de la paz,21.3,-100.52,15.84,36,4,4.77,MX,1609519523
167,talnakh,69.49,88.4,-29.0,75,84,7.0,RU,1609519523
168,bandarbeyla,9.49,50.81,23.38,73,100,7.82,SO,1609519430
169,chabahar,25.29,60.64,19.85,48,1,3.49,IR,1609519284
170,batagay-alyta,67.8,130.41,-27.19,87,100,0.4,RU,1609519523
171,east london,-33.02,27.91,20.0,60,20,4.6,ZA,1609519408
172,ginir,7.13,40.7,15.91,61,100,1.08,ET,1609519523
173,canico,32.63,-16.85,15.02,67,40,4.1,PT,1609519523
174,ranong,9.97,98.63,22.77,81,78,3.9,TH,1609519468
175,banjarmasin,-3.32,114.59,25.0,94,90,0.5,ID,1609519523
176,ilulissat,69.22,-51.1,-5.0,62,63,1.0,GL,1609519499
177,nanortalik,60.14,-45.24,-1.18,96,100,5.04,GL,1609519523
178,pacific grove,36.62,-121.92,5.64,81,1,1.54,US,1609519423
179,ocos,14.51,-92.19,25.88,100,40,4.27,GT,1609519524
180,camopi,3.17,-52.32,29.8,69,12,1.89,GF,1609519524
181,nusaybin,37.08,41.22,11.44,44,1,1.72,TR,1609519524
182,gorom-gorom,14.44,-0.24,32.94,12,0,2.56,BF,1609519434
183,newport,51.59,-3.0,3.42,94,82,0.45,GB,1609519252
184,kaitangata,-46.28,169.85,15.0,94,100,4.33,NZ,1609519524
185,aklavik,68.22,-135.01,-29.0,75,25,1.5,CA,1609519524
186,geraldton,-28.77,114.6,22.0,88,0,3.6,AU,1609519524
187,ixtapa,20.7,-105.2,14.0,76,75,2.6,MX,1609519524
188,ponta do sol,32.67,-17.1,15.1,67,40,4.1,PT,1609519524
189,palu,-0.89,119.87,24.62,81,100,0.92,ID,1609519524
190,la orilla,17.98,-102.23,27.59,32,0,0.98,MX,1609519524
191,castro,-24.79,-50.01,26.44,61,62,0.95,BR,1609519525
192,stornoway,58.21,-6.39,0.92,78,55,2.6,GB,1609519525
193,algete,40.6,-3.5,4.85,56,40,6.2,ES,1609519525
194,zhanakorgan,43.91,67.25,-5.64,84,0,0.84,KZ,1609519398
195,hualmay,-11.1,-77.61,23.91,68,79,5.05,PE,1609519393
196,guilin,25.28,110.29,2.0,65,0,2.12,CN,1609519525
197,aktau,43.65,51.2,-3.0,73,0,6.0,KZ,1609519525
198,karangasem,-8.45,115.62,26.0,94,40,2.6,ID,1609519525
199,barrow,71.29,-156.79,-24.0,69,90,4.1,US,1609519392
200,yeppoon,-23.13,150.73,24.0,83,90,3.1,AU,1609519525
201,labuhan,-6.88,112.21,25.36,87,99,4.07,ID,1609519525
202,deputatskiy,69.3,139.9,-34.97,87,89,0.89,RU,1609519525
203,puerto ayora,-0.74,-90.35,26.0,69,40,6.2,EC,1609519280
204,shimoda,34.67,138.95,0.56,77,0,0.89,JP,1609519409
205,nishihara,26.18,127.76,13.64,82,75,4.6,JP,1609519526
206,faranah,10.04,-10.74,35.43,10,0,1.83,GN,1609519526
207,morant bay,17.88,-76.41,28.81,51,75,5.1,JM,1609519526
208,boende,-0.22,20.87,24.0,91,100,1.2,CD,1609519526
209,zogno,45.79,9.66,1.62,100,75,0.5,IT,1609519526
210,puerto madryn,-42.77,-65.04,28.84,21,0,6.0,AR,1609519419
211,lockhart,28.62,-81.44,26.51,65,20,8.2,US,1609519275
212,iqaluit,63.75,-68.51,-25.0,69,20,2.1,CA,1609519501
213,san cristobal,7.77,-72.22,26.0,74,40,3.1,VE,1609519526
214,mendi,-6.18,143.65,13.87,100,100,0.8,PG,1609519527
215,porto novo,6.5,2.6,31.0,70,20,6.7,BJ,1609519527
216,grand gaube,-20.01,57.66,26.11,75,43,3.58,MU,1609519527
217,taltal,-25.4,-70.48,21.07,62,14,3.06,CL,1609519527
218,galesong,-5.32,119.37,24.0,100,75,0.5,ID,1609519527
219,san patricio,28.02,-97.52,8.51,75,75,4.6,US,1609519527
220,presidencia roque saenz pena,-26.79,-60.44,33.33,31,0,0.89,AR,1609519527
221,uyemskiy,64.47,40.85,-8.0,85,75,4.0,RU,1609519527
222,nahrin,36.06,69.13,-0.72,73,0,1.52,AF,1609519527
223,shabo,46.13,30.39,6.83,87,0,3.0,UA,1609519527
224,nakusp,50.25,-117.8,-0.56,98,100,0.89,CA,1609519528
225,tokmak,47.25,35.71,7.96,85,96,5.42,UA,1609519528
226,freeport,40.66,-73.58,3.53,59,1,3.1,US,1609519441
227,auki,-8.77,160.7,25.56,83,1,1.88,SB,1609519529
228,ndende,-2.4,11.36,25.34,91,97,1.57,GA,1609519529
229,antofagasta,-23.65,-70.4,23.14,64,20,4.1,CL,1609519529
230,katherine,-14.47,132.27,27.0,83,100,3.6,AU,1609519530
231,tahta,26.77,31.5,18.0,55,0,3.1,EG,1609519530
232,aksarka,66.56,67.8,-33.68,83,0,2.28,RU,1609519530
233,grande prairie,55.17,-118.8,-9.0,100,90,2.6,CA,1609519530
234,halifax,44.65,-63.57,0.29,79,0,3.1,CA,1609519309
235,salinopolis,-0.61,-47.36,29.43,67,72,4.61,BR,1609519530
236,beyneu,45.32,55.2,-0.85,84,93,8.91,KZ,1609519531
237,nelson bay,-32.72,152.15,19.1,100,40,5.1,AU,1609519531
238,port blair,11.67,92.75,26.08,75,98,6.41,IN,1609519489
239,tarata,-17.62,-66.02,24.0,44,40,2.6,BO,1609519531
240,port elizabeth,-33.92,25.57,19.44,62,57,1.79,ZA,1609519246
241,poum,-20.23,164.02,27.08,80,100,3.01,NC,1609519532
242,nizhniy kuranakh,58.84,125.49,-30.74,84,100,2.85,RU,1609519532
243,gilgit,35.92,74.31,-2.25,48,89,1.38,PK,1609519452
244,bekeshevskaya,44.11,42.43,-1.0,100,90,2.0,RU,1609519532
245,cockburn town,21.46,-71.14,24.85,75,2,11.96,TC,1609519532
246,abhar,36.15,49.22,-1.94,84,0,1.16,IR,1609519532
247,hithadhoo,-0.6,73.08,27.84,78,99,4.42,MV,1609519493
248,waingapu,-9.66,120.26,27.25,75,66,0.61,ID,1609519532
249,lavrentiya,65.58,-171.0,-9.44,94,100,6.83,RU,1609519532
250,shelbyville,35.48,-86.46,20.45,88,90,7.7,US,1609519532
251,lufilufi,-13.87,-171.6,28.42,69,93,4.78,WS,1609519528
252,savannah bight,16.45,-85.85,29.3,58,40,11.2,HN,1609519533
253,bako,5.78,36.57,20.22,67,90,1.5,ET,1609519533
254,katsuura,35.13,140.3,3.94,44,20,2.6,JP,1609519533
255,tuatapere,-46.13,167.68,12.78,97,100,2.24,NZ,1609519533
256,reinosa,43.0,-4.14,4.99,81,75,5.7,ES,1609519533
257,bilibino,68.05,166.44,-34.8,81,100,0.52,RU,1609519427
258,kropotkin,45.44,40.58,6.34,61,58,2.64,RU,1609519533
259,aswan,24.09,32.91,18.74,27,0,3.9,EG,1609519390
260,codrington,-38.27,141.97,16.23,92,100,1.45,AU,1609519037
261,kahului,20.89,-156.47,20.67,73,40,5.7,US,1609519533
262,ribeira grande,38.52,-28.7,16.0,82,40,10.3,PT,1609519533
263,khudumelapye,-23.88,24.75,26.4,51,72,4.06,BW,1609519534
264,vostok,46.49,135.88,-30.14,88,68,1.74,RU,1609519495
265,alofi,-19.06,-169.92,22.0,100,88,0.5,NU,1609519534
266,lagos,6.58,3.75,31.0,70,40,3.1,NG,1609519381
267,panaba,21.28,-88.27,28.08,72,74,5.87,MX,1609519534
268,jamame,0.07,42.75,25.27,80,87,4.12,SO,1609519534
269,ericeira,38.96,-9.42,10.37,82,18,4.47,PT,1609519534
270,saint-augustin,51.23,-58.65,-11.11,86,0,7.88,CA,1609519534
271,camohaguin,13.91,122.17,23.97,90,96,6.88,PH,1609519534
272,yerbogachen,61.28,108.01,-34.8,84,17,1.63,RU,1609519534
273,inverell,-29.78,151.12,16.03,97,83,2.38,AU,1609519312
274,ahuimanu,21.44,-157.84,22.1,88,75,9.3,US,1609519534
275,cherskiy,68.75,161.3,-38.42,81,88,1.12,RU,1609519534
276,dunedin,-45.87,170.5,12.78,95,100,3.58,NZ,1609519535
277,carnarvon,-24.87,113.63,25.0,94,0,6.7,AU,1609519535
278,khatanga,71.97,102.5,-23.64,90,100,6.45,RU,1609519491
279,kaka,37.35,59.61,0.42,85,0,2.52,TM,1609519535
280,qasigiannguit,68.82,-51.19,-5.0,62,62,1.0,GL,1609519535
281,skibbereen,51.55,-9.27,4.0,86,20,6.7,IE,1609519411
282,gizo,-8.1,156.84,28.25,72,77,3.47,SB,1609519535
283,thunder bay,48.4,-89.32,-5.72,100,90,1.5,CA,1609519390
284,winnemucca,40.97,-117.74,-7.0,85,1,2.1,US,1609519418
285,redmond,47.67,-122.12,7.55,95,100,2.37,US,1609519451
286,sola,-13.88,167.55,27.74,73,91,2.35,VU,1609519535
287,nova olimpia,-14.8,-57.29,36.28,36,86,1.86,BR,1609519535
288,bengkulu,-3.8,102.27,24.96,84,100,1.91,ID,1609519506
289,tiksi,71.69,128.87,-25.46,89,100,2.64,RU,1609519513
290,pitea,65.32,21.48,-3.0,92,90,3.6,SE,1609519536
291,kovdor,67.57,30.48,-7.34,97,98,3.4,RU,1609519536
292,peruibe,-24.32,-47.0,27.45,72,65,3.85,BR,1609519536
293,sorong,-0.88,131.25,27.2,83,100,4.4,ID,1609519536
294,vanavara,60.34,102.28,-33.75,84,12,1.41,RU,1609519536
295,isangel,-19.55,169.27,26.3,82,100,4.78,VU,1609519536
296,apolda,51.02,11.5,1.88,83,100,1.69,DE,1609519285
297,dikson,73.51,80.55,-17.91,94,100,7.89,RU,1609519406
298,mount isa,-20.73,139.5,26.0,78,75,5.1,AU,1609519390
299,beringovskiy,63.05,179.32,-2.46,98,100,15.74,RU,1609519537
300,mehamn,71.04,27.85,0.28,95,93,9.89,NO,1609519537
301,sorland,67.67,12.69,3.0,75,0,2.6,NO,1609519537
302,caravelas,-17.71,-39.25,29.34,57,51,4.74,BR,1609519537
303,januaria,-15.48,-44.37,33.33,43,11,0.97,BR,1609519443
304,cabo san lucas,22.89,-109.91,15.77,63,40,4.6,MX,1609519510
305,lasa,46.62,10.7,-3.21,73,90,1.5,IT,1609519537
306,togur,58.36,82.83,-33.18,86,0,1.65,RU,1609519537
307,prince rupert,54.32,-130.32,6.0,87,90,5.1,CA,1609519489
308,burgeo,47.62,-57.62,-2.63,90,0,11.57,CA,1609519537
309,saint george,37.1,-113.58,-0.37,86,1,1.65,US,1609519386
310,taonan,45.33,122.78,-20.7,71,0,2.15,CN,1609519537
311,zhangjiakou,40.81,114.88,-13.15,81,0,1.89,CN,1609519537
312,lompoc,34.64,-120.46,3.86,86,1,2.1,US,1609519538
313,virbhadra,30.07,78.28,11.83,40,0,2.14,IN,1609519538
314,falkenberg,56.91,12.49,1.83,93,99,2.1,SE,1609519538
315,impfondo,1.64,18.07,29.09,48,85,1.37,CG,1609519538
316,sioux lookout,50.1,-91.92,-7.0,85,90,2.6,CA,1609519250
317,ostrovnoy,68.05,39.51,-7.62,95,100,6.38,RU,1609519516
318,port-gentil,-0.72,8.78,29.0,79,40,5.1,GA,1609519538
319,nokaneng,-19.67,22.27,24.42,70,88,1.45,BW,1609519538
320,upernavik,72.79,-56.15,-7.47,96,100,2.82,GL,1609519500
321,karasburg,-28.02,18.75,31.81,11,42,6.88,NA,1609519538
322,sidney,-33.87,151.21,17.38,77,75,3.1,AU,1609519374
323,adre,13.47,22.2,25.12,22,20,3.57,TD,1609519538
324,raga,8.46,25.68,27.72,21,99,2.22,SS,1609519539
325,sakakah,29.97,40.21,14.0,62,0,3.1,SA,1609519539
326,kieta,-6.22,155.63,25.99,69,99,0.9,PG,1609519539
327,roald,62.58,6.13,1.35,69,40,5.1,NO,1609519419
328,nizhniy baskunchak,48.22,46.83,-0.71,91,100,5.04,RU,1609519539
329,kangaatsiaq,68.31,-53.46,-9.81,93,72,3.74,GL,1609519539
330,kruisfontein,-34.0,24.73,19.44,62,35,1.79,ZA,1609519539
331,san rafael,-34.62,-68.33,31.82,21,0,6.92,AR,1609519539
332,touros,-5.2,-35.46,31.0,48,20,5.1,BR,1609519539
333,trairi,-3.28,-39.27,31.64,53,15,7.66,BR,1609519539
334,hanmer springs,-42.52,172.82,12.81,85,95,0.29,NZ,1609519539
335,xushan,30.18,121.25,-1.92,79,0,1.0,CN,1609519540
336,jalu,29.03,21.55,17.53,28,95,4.31,LY,1609519507
337,sao joao da barra,-21.64,-41.05,32.0,55,20,5.1,BR,1609519404
338,petropavlovsk-kamchatskiy,53.05,158.65,-12.0,78,93,2.0,RU,1609519540
339,ormara,25.21,64.64,19.26,27,20,5.75,PK,1609519540
340,sinnamary,5.38,-52.95,28.67,73,43,4.34,GF,1609519540
341,lorengau,-2.02,147.27,27.42,82,100,4.19,PG,1609519491
342,shubarkuduk,49.14,56.49,-9.46,93,96,5.29,KZ,1609519540
343,hyeres,43.12,6.12,7.31,87,86,2.1,FR,1609519540
344,mulege,26.88,-111.98,16.4,46,0,0.45,MX,1609519498
345,bay roberts,47.6,-53.26,-1.06,72,36,7.92,CA,1609519428
346,sitka,57.05,-135.33,6.0,56,40,5.7,US,1609519433
347,klaksvik,62.23,-6.59,0.0,87,99,8.2,FO,1609519541
348,kantilo,20.35,85.18,18.0,82,33,0.62,IN,1609519541
349,wloclawek,52.65,19.07,-1.11,97,87,0.89,PL,1609519541
350,quelimane,-17.88,36.89,27.72,74,3,5.3,MZ,1609519541
351,mamallapuram,12.63,80.17,26.0,78,40,1.5,IN,1609519541
352,wamba,8.93,8.6,31.61,21,0,1.59,NG,1609519431
353,gambo,4.65,22.26,28.4,31,85,0.76,CF,1609519541
354,ishcherskaya,43.72,45.13,0.0,89,90,1.0,RU,1609519541
355,kalianget,-7.05,113.93,26.19,84,100,4.25,ID,1609519541
356,stonewall,50.13,-97.33,-9.63,78,90,1.5,CA,1609519541
357,tsaratanana,-16.78,47.65,24.97,67,3,3.7,MG,1609519541
358,tiznit,29.58,-9.5,13.02,50,0,3.33,MA,1609519541
359,praia,14.92,-23.51,27.0,57,0,7.2,CV,1609519428
360,saint-avold,49.1,6.7,2.05,99,99,0.86,FR,1609519542
361,yar-sale,66.83,70.83,-32.12,84,0,2.14,RU,1609519526
362,itarema,-2.92,-39.92,31.05,59,70,8.29,BR,1609519542
363,meulaboh,4.14,96.13,24.61,87,100,2.46,ID,1609519391
364,kolkwitz,51.75,14.25,2.78,91,100,1.96,DE,1609519542
365,monrovia,6.3,-10.8,32.0,66,75,4.1,LR,1609519542
366,zhezkazgan,47.8,67.71,-20.15,91,37,2.73,KZ,1609519542
367,pochutla,15.74,-96.47,26.17,53,75,1.83,MX,1609519542
368,puerto narino,-3.77,-70.38,31.0,66,75,2.6,CO,1609519542
369,katangli,51.71,143.23,-21.24,86,100,6.18,RU,1609519542
370,kodiak,57.79,-152.41,2.0,78,90,4.1,US,1609519489
371,basoko,1.24,23.62,24.99,83,100,1.31,CD,1609519543
372,smithers,54.78,-127.17,-4.0,92,90,2.1,CA,1609519426
373,abbeville,50.1,1.83,0.83,84,76,1.41,FR,1609519543
374,kozhva,65.11,57.05,-24.37,86,0,2.43,RU,1609519543
375,lakatoro,-16.1,167.42,26.92,79,99,3.35,VU,1609519543
376,garmsar,35.22,52.34,5.65,62,0,0.58,IR,1609519543
377,bubaque,11.28,-15.83,27.73,66,0,5.71,GW,1609519543
378,constitucion,-35.33,-72.42,20.41,54,1,3.55,CL,1609519491
379,ballina,-28.87,153.57,21.15,94,75,2.6,AU,1609519413
380,eyl,7.98,49.82,24.13,70,99,8.98,SO,1609519543
381,luderitz,-26.65,15.16,25.51,38,2,14.07,NA,1609519411
382,husavik,66.04,-17.34,-6.0,85,90,1.5,IS,1609519392
383,santa isabel,-23.32,-46.22,26.43,57,75,3.6,BR,1609519543
384,mecca,21.43,39.83,25.35,65,50,2.16,SA,1609519324
385,xai-xai,-25.05,33.64,25.74,86,30,9.87,MZ,1609519527
386,pisco,-13.7,-76.22,23.02,69,90,6.2,PE,1609519404
387,padang,-0.95,100.35,24.0,94,40,2.6,ID,1609519544
388,kavaratti,10.57,72.64,28.43,68,44,1.64,IN,1609519544
389,ambulu,-8.35,113.61,24.36,90,100,1.03,ID,1609519544
390,devils lake,48.11,-98.87,-3.0,100,90,2.78,US,1609519529
391,pemangkat,1.17,108.97,24.67,91,100,3.24,ID,1609519448
392,taseyevo,57.22,94.9,-31.4,86,74,0.44,RU,1609519544
393,nong kung si,16.65,103.3,16.0,67,36,2.1,TH,1609519544
394,nenita,12.49,124.8,25.17,90,56,3.64,PH,1609519544
395,poya,-21.35,165.15,25.5,84,100,1.94,NC,1609519544
396,progreso,21.28,-89.67,28.66,70,75,7.2,MX,1609519544
397,ketchikan,55.34,-131.65,3.0,100,90,8.2,US,1609519518
398,yanam,16.73,82.22,22.0,83,0,3.6,IN,1609519545
399,guhagar,17.48,73.19,24.35,80,92,2.82,IN,1609519545
400,linxia,35.6,103.21,-6.6,76,40,0.8,CN,1609519545
401,kungurtug,50.6,97.52,-28.38,81,61,0.45,RU,1609519545
402,altamira,-3.2,-52.21,30.0,70,75,1.5,BR,1609519545
403,kwekwe,-18.93,29.81,21.22,87,94,2.48,ZW,1609519545
404,iralaya,15.0,-83.23,27.54,75,0,6.06,HN,1609519545
405,odweyne,9.41,45.06,21.96,61,93,3.77,SO,1609519545
406,mineiros,-17.57,-52.55,30.03,46,47,1.91,BR,1609519293
407,elko,41.0,-115.5,-7.88,85,1,0.38,US,1609519520
408,beterou,9.2,2.26,35.07,13,54,0.69,BJ,1609519546
409,machico,32.7,-16.77,14.71,67,40,4.1,PT,1609519546
410,asyut,27.18,31.18,18.0,63,0,5.7,EG,1609519546
411,pineville,31.32,-92.43,8.19,70,40,7.2,US,1609519546
412,antalaha,-14.9,50.28,24.22,90,33,3.37,MG,1609519415
413,mareeba,-17.0,145.43,25.0,94,75,0.5,AU,1609519546
414,vysokogornyy,50.12,139.15,-32.58,84,99,2.02,RU,1609519546
415,samana,19.21,-69.34,28.0,74,20,4.1,DO,1609519546
416,edgewater,28.99,-80.9,26.08,74,75,6.7,US,1609519506
417,marietta,33.95,-84.55,15.91,100,90,3.6,US,1609519306
418,ous,60.91,61.52,-32.41,86,58,1.18,RU,1609519546
419,concarneau,47.88,-3.92,4.51,75,0,2.6,FR,1609519546
420,buraydah,26.33,43.98,20.0,68,20,3.1,SA,1609519442
421,saint-pierre,-21.34,55.48,23.77,78,0,3.1,RE,1609519546
422,luanda,-8.84,13.23,29.0,66,20,4.6,AO,1609519270
423,fort saint james,54.43,-124.25,-1.72,97,100,2.25,CA,1609519547
424,palembang,-2.92,104.75,24.41,95,99,2.21,ID,1609519547
425,aksu,41.12,80.26,-9.69,89,0,1.01,CN,1609519547
426,sol-iletsk,51.16,54.99,-8.36,96,100,4.65,RU,1609519547
427,sortavala,61.71,30.69,0.39,96,100,0.87,RU,1609519547
428,conop,46.1,21.88,4.99,87,0,4.1,RO,1609519329
429,kyra,49.58,111.98,-24.36,82,57,2.26,RU,1609519547
430,road town,18.42,-64.62,26.84,58,40,5.7,VG,1609519286
431,storsteinnes,69.24,19.23,-7.73,84,0,1.5,NO,1609519547
432,matadi,-5.82,13.45,27.71,77,86,1.77,CD,1609519547
433,margate,51.38,1.39,2.63,85,41,0.89,GB,1609519311
434,atbasar,51.8,68.33,-25.49,89,47,2.36,KZ,1609519548
435,chase,50.82,-119.69,0.7,91,100,0.5,CA,1609519548
436,ulladulla,-35.35,150.47,14.8,100,90,2.1,AU,1609519548
437,villarrica,-25.75,-56.43,32.54,35,0,2.27,PY,1609519548
438,ingraj bazar,25.0,88.15,16.43,39,23,2.57,IN,1609519477
439,chumikan,54.72,135.31,-26.83,79,75,9.07,RU,1609519548
440,shwebo,22.57,95.7,18.15,71,56,1.9,MM,1609519548
441,boulder city,35.98,-114.83,7.54,33,1,7.7,US,1609519548
442,omboue,-1.57,9.26,26.84,81,100,3.85,GA,1609519548
443,cairns,-16.92,145.77,25.0,94,75,0.5,AU,1609519429
444,olafsvik,64.89,-23.71,3.82,91,100,7.72,IS,1609519548
445,korcula,42.96,17.14,7.89,87,75,1.5,HR,1609519549
446,longyearbyen,78.22,15.64,2.0,69,40,8.2,SJ,1609519408
447,bairiki,1.33,172.98,27.0,69,40,4.1,KI,1609519549
448,kefalos,36.75,26.96,16.0,67,20,1.5,GR,1609519549
449,krapivinskiy,55.0,86.81,-22.0,76,40,1.0,RU,1609519549
450,harlingen,26.19,-97.7,8.89,70,90,2.6,US,1609519549
451,santa elena,-2.23,-80.85,25.0,78,75,4.1,EC,1609519549
452,ajdabiya,30.76,20.23,15.74,41,68,1.75,LY,1609519549
453,anchorage,61.22,-149.9,-13.87,77,1,2.1,US,1609519545
454,bilma,18.69,12.92,19.27,21,0,1.05,NE,1609519549
455,seoul,37.57,126.98,-3.61,30,1,2.7,KR,1609519357
456,bosaso,11.28,49.18,24.25,71,95,4.37,SO,1609519549
457,port hedland,-20.32,118.57,30.0,79,15,5.1,AU,1609519549
458,tilichiki,60.47,166.1,-24.09,89,100,8.23,RU,1609519508
459,milkovo,54.72,158.62,-14.78,90,79,0.76,RU,1609519550
460,ituporanga,-27.41,-49.6,22.87,90,72,1.79,BR,1609519550
461,lamesa,32.74,-101.95,1.12,66,75,6.2,US,1609519550
462,fuerte olimpo,-21.04,-57.87,34.16,47,38,2.53,PY,1609519550
463,half moon bay,37.46,-122.43,7.66,87,1,1.66,US,1609519550
464,lagos de moreno,21.35,-101.92,11.38,57,75,4.1,MX,1609519550
465,waterfoot,53.69,-2.25,1.53,93,90,2.15,GB,1609519550
466,baherden,38.44,57.43,1.67,77,0,4.55,TM,1609519550
467,high level,58.52,-117.14,-14.0,92,90,4.6,CA,1609519493
468,shieli,44.17,66.75,-6.78,86,0,3.15,KZ,1609519419
469,ahipara,-35.17,173.17,16.68,90,45,1.46,NZ,1609519551
470,maldonado,-34.67,-54.92,24.71,57,75,7.7,UY,1609519551
471,george town,5.41,100.34,26.25,78,20,2.6,MY,1609519551
472,awassa,7.05,38.47,19.59,61,67,1.68,ET,1609519546
473,el real de santa maria,8.11,-77.73,31.53,59,70,1.04,PA,1609519551
474,yulara,-25.24,130.99,26.0,16,0,2.1,AU,1609519496
475,vila velha,-20.33,-40.29,30.69,55,0,7.2,BR,1609519359
476,comodoro rivadavia,-45.87,-67.5,25.0,41,0,4.6,AR,1609519432
477,kitoy,52.6,103.9,-28.0,82,40,1.0,RU,1609519551
478,toccoa,34.58,-83.33,11.64,100,90,3.1,US,1609519551
479,reconquista,-29.15,-59.65,32.77,18,0,4.39,AR,1609519551
480,guiratinga,-16.35,-53.76,34.86,41,42,0.42,BR,1609519551
481,hofn,64.25,-15.21,-0.54,86,16,2.34,IS,1609519424
482,nioro,13.35,-15.75,38.2,13,0,4.87,GM,1609519551
483,sadat,25.68,83.28,13.0,82,7,1.16,IN,1609519551
484,corowa,-36.03,146.38,17.78,69,90,4.03,AU,1609519552
485,ivankiv,50.94,29.89,5.49,81,100,5.0,UA,1609519552
486,sibu,2.3,111.82,25.0,94,40,0.28,MY,1609519552
487,champerico,14.3,-91.92,25.97,69,75,4.1,GT,1609519552
488,rawson,-43.3,-65.1,27.89,17,0,6.3,AR,1609519552
489,maarianhamina,60.1,19.93,2.0,93,0,1.0,AX,1609519552
490,kincardine,56.07,-3.72,1.77,80,0,1.5,GB,1609519552
491,port hardy,50.7,-127.42,7.0,93,90,9.3,CA,1609519552
492,north bend,43.41,-124.22,10.38,81,90,3.1,US,1609519553
493,ocampo,21.65,-101.5,14.66,32,14,6.83,MX,1609519553
494,aba,5.11,7.37,30.64,57,73,3.75,NG,1609519553
495,kamina,-8.74,24.99,19.39,95,100,2.71,CD,1609519553
496,vestmannaeyjar,63.44,-20.27,1.69,83,95,1.72,IS,1609519553
497,bereda,43.27,-7.54,3.7,100,49,0.45,ES,1609519553
498,mandalgovi,45.76,106.27,-23.78,84,0,7.31,MN,1609519422
499,xuddur,4.12,43.89,27.35,28,88,4.58,SO,1609519553
500,forres,57.61,-3.61,3.63,86,100,5.7,GB,1609519553
501,shitanjing,39.23,106.34,-9.24,79,0,0.93,CN,1609519553
502,samarai,-10.62,150.67,28.57,77,86,5.86,PG,1609519553
503,pangnirtung,66.15,-65.71,-20.0,58,40,2.1,CA,1609519554
504,yarmouth,41.71,-70.23,5.17,60,1,2.1,US,1609519554
505,vaitape,-16.52,-151.75,27.26,76,99,8.89,PF,1609519554
506,gorontalo,0.54,123.06,24.32,89,100,1.6,ID,1609519554
507,talcahuano,-36.72,-73.12,22.0,53,0,5.7,CL,1609519554
508,narsaq,60.92,-46.05,-4.0,85,100,2.6,GL,1609519486
509,quatre cocos,-20.21,57.76,25.58,78,40,5.7,MU,1609519426
510,aviemore,57.2,-3.83,2.07,96,97,2.6,GB,1609519554
511,henties bay,-22.12,14.28,17.78,84,97,2.24,NA,1609519554
512,candelaria,13.93,121.42,24.44,84,99,4.02,PH,1609519554
513,ucluelet,48.93,-125.55,9.27,100,90,11.3,CA,1609519514
514,zottegem,50.87,3.81,1.67,87,95,2.43,BE,1609519554
515,esil,51.96,66.4,-22.62,89,51,2.38,KZ,1609519555
516,abancay,-13.63,-72.88,12.0,81,75,4.6,PE,1609519555
517,tautira,-17.73,-149.15,25.87,73,40,2.1,PF,1609519555
518,erdemli,36.6,34.31,15.4,51,71,3.43,TR,1609519555
519,massaguet,12.48,15.44,33.0,15,0,1.0,TD,1609519555
520,miraflores,19.22,-98.81,14.45,34,40,3.1,MX,1609519555
521,mogadishu,2.04,45.34,25.81,78,97,8.2,SO,1609519487
522,westport,41.14,-73.36,2.53,59,1,2.6,US,1609519437
523,fare,-16.7,-151.02,27.25,75,84,8.13,PF,1609519555
524,lazaro cardenas,17.96,-102.2,27.29,33,0,1.29,MX,1609519555
525,shira,54.49,89.95,-21.01,91,100,1.16,RU,1609519555
526,paciran,-6.88,112.38,25.46,87,99,4.15,ID,1609519555
527,murgab,37.5,61.97,-1.7,90,0,3.64,TM,1609519555
528,nagydobos,48.06,22.3,2.57,86,0,3.1,HU,1609519556
529,svetlogorsk,52.63,29.73,4.65,93,100,4.15,BY,1609519556
530,kerman,30.28,57.08,3.0,25,0,3.1,IR,1609519556
531,dubti,11.74,41.09,24.22,53,27,4.54,ET,1609519556
532,manokwari,-0.87,134.08,26.68,77,100,1.35,ID,1609519556
533,cabedelo,-6.98,-34.83,30.0,62,40,5.7,BR,1609519556
534,ilhabela,-23.78,-45.36,26.08,79,100,1.84,BR,1609519287
535,solnechnyy,50.72,136.63,-26.61,80,72,1.82,RU,1609519556
536,la ronge,55.1,-105.28,-10.0,85,98,1.0,CA,1609519520
537,kachiry,53.07,76.1,-30.12,87,92,2.43,KZ,1609519556
538,ahvaz,31.32,48.67,15.0,77,75,1.0,IR,1609519556
539,santa lucia,27.91,-15.54,18.93,55,40,8.2,ES,1609519557
540,banswara,23.55,74.45,22.95,47,51,1.92,IN,1609519557
541,vao,-22.67,167.48,24.34,87,100,2.74,NC,1609519557
542,gidam,18.98,81.4,17.41,59,6,1.07,IN,1609519557
543,chiredzi,-21.05,31.67,26.94,73,63,3.95,ZW,1609519557
544,bukavu,-2.51,28.86,17.34,86,100,1.09,CD,1609519557
545,coquimbo,-29.95,-71.34,20.0,68,40,5.7,CL,1609519557
546,mitzic,0.78,11.55,23.83,89,87,0.95,GA,1609519557
547,kloulklubed,7.04,134.26,25.0,94,75,1.5,PW,1609519433
548,najran,17.49,44.13,22.0,33,0,3.1,SA,1609519557
549,daman,20.42,72.85,23.56,69,52,0.6,IN,1609519343
550,vila do maio,15.13,-23.22,27.0,57,0,7.2,CV,1609519558
551,akdepe,42.06,59.38,-8.49,85,0,6.2,TM,1609519558
552,beloha,-25.17,45.05,25.21,62,0,2.3,MG,1609519558
553,khomutovo,52.47,104.4,-28.0,82,40,1.0,RU,1609519558
554,shakopee,44.8,-93.53,-8.4,89,80,0.45,US,1609519302
555,sanmenxia,34.77,111.18,-1.15,72,0,0.63,CN,1609519558
556,mugur-aksy,50.35,90.5,-26.52,74,100,1.13,RU,1609519558
557,iglesias,39.31,8.54,11.94,87,75,2.6,IT,1609519558
558,pedernales,18.04,-71.74,30.0,48,20,7.2,DO,1609519558
559,yaounde,3.87,11.52,27.0,74,20,1.5,CM,1609519558
560,camacari,-12.7,-38.32,31.0,58,20,5.7,BR,1609519559
561,wagar,16.15,36.2,26.6,49,0,6.45,SD,1609519559
562,darnah,32.77,22.64,15.79,40,78,3.98,LY,1609519559
563,catalao,-18.17,-47.95,80.51,64,94,4.23,BR,1609532634
566,raglan,-37.8,174.88,66.0,86,97,6.76,NZ,1609532634
569,les escoumins,48.11,-69.02,23.11,68,61,9.17,CA,1609532634
570,longhua,23.61,114.19,39.07,58,45,3.11,CN,1609532634
575,sebezh,56.3,28.47,33.6,100,100,1.83,RU,1609532634
581,birjand,32.87,59.22,23.0,38,0,6.93,IR,1609532635
583,esfarayen,37.08,57.51,19.4,79,0,1.63,IR,1609532635
589,concepcion del oro,24.63,-101.42,59.05,29,4,22.5,MX,1609532635
591,teya,60.38,92.63,-20.94,84,97,1.34,RU,1609532636
592,buchanan,5.88,-10.05,80.6,88,20,9.04,LR,1609532636
593,kalispell,48.2,-114.31,38.39,69,90,6.93,US,1609532404
597,bam,29.11,58.36,42.82,49,0,3.65,IR,1609532636
599,bose,45.46,8.01,34.07,97,100,2.33,IT,1609532636
600,saint-joseph,-21.37,55.62,76.48,83,90,14.99,RE,1609532636
607,cayenne,4.93,-52.33,84.2,62,0,10.29,GF,1609532637
609,salalah,17.02,54.09,75.2,73,75,6.93,OM,1609532637
613,orlik,52.52,99.83,-16.26,81,94,1.39,RU,1609532637
615,severnoye,56.35,78.36,-32.17,84,0,4.16,RU,1609532638
619,lamar,33.67,-95.58,40.37,86,90,10.29,US,1609532638
620,ninghai,29.29,121.42,26.55,82,0,1.01,CN,1609532638
621,simao,22.79,100.97,48.47,94,16,1.99,CN,1609532638
622,kampene,-3.6,26.67,67.89,98,100,0.83,CD,1609532638
624,mount gambier,-37.83,140.77,64.4,82,100,4.7,AU,1609532596
627,miyang,24.4,103.44,39.69,87,12,1.9,CN,1609532638
632,conde,-7.26,-34.91,84.2,66,40,13.87,BR,1609532352
634,novo aripuana,-5.12,-60.38,90.43,54,53,3.56,BR,1609532639
636,nara,34.69,135.8,31.86,58,1,3.47,JP,1609532639
637,houma,29.6,-90.72,63.59,63,1,16.11,US,1609532639
639,tchibanga,-2.85,11.03,73.08,98,100,2.21,GA,1609532639
640,harper,4.38,-7.72,79.54,83,14,7.18,LR,1609532640
641,limoeiro do norte,-5.15,-38.1,93.13,37,63,12.62,BR,1609532622
643,shahjahanpur,27.88,79.92,51.8,45,0,3.98,IN,1609532640
644,lerwick,60.15,-1.15,35.6,73,100,8.05,GB,1609532458
645,port lincoln,-34.73,135.87,61.14,83,99,13.4,AU,1609532640
648,pawayan,28.07,80.1,51.01,46,0,4.12,IN,1609532640
655,toktogul,41.87,72.94,24.1,64,0,1.54,KG,1609532641
656,bangalore,12.98,77.6,62.6,100,40,4.7,IN,1609532536
659,rexburg,43.83,-111.79,23.0,85,90,3.36,US,1609532641
664,cap malheureux,-19.98,57.61,78.01,70,80,5.99,MU,1609532642
665,mazagao,-0.12,-51.29,89.6,62,40,5.82,BR,1609532642
669,las margaritas,16.32,-91.98,76.3,50,93,3.6,MX,1609532642
670,lexington,37.99,-84.48,62.85,77,75,12.75,US,1609532642
675,tharad,24.4,71.63,59.07,51,0,6.82,IN,1609532643
676,broome,42.25,-75.83,32.52,68,75,9.17,US,1609532643
677,awbari,26.59,12.78,57.97,70,96,8.23,LY,1609532643
684,praya,14.92,-23.51,73.4,78,0,17.22,CV,1609532643
686,mahina,-17.51,-149.49,86.0,62,40,6.93,PF,1609532643
687,oktyabrskoye,43.06,44.74,28.4,86,0,4.47,RU,1609532644
693,bundaberg,-24.85,152.35,71.51,88,35,6.93,AU,1609532644
696,gboko,7.32,9.0,87.39,19,100,3.89,NG,1609532645
698,boulsa,12.67,-0.58,80.31,16,0,8.59,BF,1609532645
699,nome,64.5,-165.41,24.31,73,1,18.34,US,1609532645
700,san quintin,30.48,-115.95,63.66,32,0,7.85,MX,1609532645
701,huarmey,-10.07,-78.15,75.79,66,20,12.15,PE,1609532645
702,hami,42.8,93.45,14.54,79,100,0.67,CN,1609532645
704,lake havasu city,34.48,-114.32,60.13,21,1,18.34,US,1609532620
705,buluang,13.31,123.34,75.49,90,72,6.38,PH,1609532645
711,acari,-15.43,-74.62,74.62,68,96,7.7,PE,1609532646
712,bikapur,26.6,82.13,52.63,43,28,4.14,IN,1609532646
713,goderich,43.75,-81.72,32.0,92,100,10.29,CA,1609532462
714,norman wells,65.28,-126.83,-11.2,76,75,5.82,CA,1609532646
717,waycross,31.21,-82.35,76.55,61,75,6.93,US,1609532646
718,canoinhas,-26.18,-50.39,73.71,82,48,6.58,BR,1609532646
719,ossora,59.24,163.07,-4.86,85,99,17.76,RU,1609532646
720,thinadhoo,0.53,72.93,82.18,71,100,7.02,MV,1609532647
721,salamiyah,35.01,37.05,56.21,65,72,4.68,SY,1609532647
723,mitu,1.2,-70.17,81.03,85,100,3.89,CO,1609532601
724,guia de isora,28.21,-16.78,57.79,72,40,10.29,ES,1609532647
725,along,28.17,94.77,47.25,54,37,1.77,IN,1609532647
728,evansville,37.97,-87.56,53.85,81,90,5.82,US,1609532644
729,pokrovskoye,47.42,38.9,37.0,10,52,13.0,RU,1609532647
731,gelemso,8.82,40.52,61.48,61,0,2.04,ET,1609532647
733,coihaique,-45.58,-72.07,69.8,40,20,10.29,CL,1609532647
734,ribeirao branco,-24.22,-48.77,69.39,92,16,7.85,BR,1609532647
735,hervey bay,-25.3,152.85,73.99,84,82,4.0,AU,1609532648
736,kudat,6.88,116.85,75.11,94,20,9.1,MY,1609532648
737,sidi ali,36.1,0.42,47.59,72,29,10.38,DZ,1609532648
739,bobo dioulasso,11.18,-4.3,77.0,41,0,4.7,BF,1609532648
740,sisimiut,66.94,-53.67,14.2,86,100,8.25,GL,1609532648
741,mayya,61.73,130.28,-50.8,56,90,5.1,RU,1609532648
745,tual,-5.67,132.75,84.42,75,100,12.84,ID,1609532648
746,saint marys,30.73,-81.55,75.87,100,40,19.46,US,1609532648
747,lac du bonnet,50.25,-96.06,12.2,85,99,4.7,CA,1609532573
748,kununurra,-15.77,128.73,78.8,100,9,2.24,AU,1609532649
749,languyan,5.26,120.08,78.53,85,100,5.64,PH,1609532649
750,salinas,36.68,-121.66,57.11,54,1,5.82,US,1609532484
751,jertih,5.73,102.49,77.0,83,40,6.93,MY,1609532649
753,mujiayingzi,42.12,118.78,-7.02,84,0,5.21,CN,1609532649
755,sagua la grande,22.81,-80.08,82.4,61,75,11.41,CU,1609532649
757,susurluk,39.91,28.16,47.35,100,20,1.12,TR,1609532649
759,topalu,44.55,28.05,37.4,86,0,5.82,RO,1609532649
761,guangyuan,32.44,105.82,29.86,91,92,1.3,CN,1609532650
762,magistralnyy,56.17,107.45,-28.79,83,100,2.73,RU,1609532650
763,sarahan,31.52,77.8,35.67,52,38,7.29,IN,1609532650
764,coromandel,-18.47,-47.2,76.28,79,61,6.8,BR,1609532650
767,ovruch,51.32,28.8,38.8,86,100,10.78,UA,1609532650
771,kanash,55.51,47.5,15.8,92,90,8.95,RU,1609532650
772,marienburg,54.04,19.03,29.01,100,100,5.73,PL,1609532650
773,esik,43.36,77.45,14.0,85,90,4.47,KZ,1609532651
775,asau,46.43,26.4,35.76,100,7,2.24,RO,1609532651
777,studenka,49.72,18.08,29.91,92,0,4.7,CZ,1609532651
778,aksha,50.28,113.29,-8.27,81,0,7.43,RU,1609532651
779,olovyannaya,50.95,115.57,-16.76,84,0,3.83,RU,1609532651
780,nebolchi,59.12,33.35,34.43,94,100,8.34,RU,1609532651
783,vitim,59.45,112.56,-24.99,82,100,7.36,RU,1609532651
784,zhigansk,66.77,123.37,-26.25,84,96,10.04,RU,1609532651
785,lons-le-saunier,46.75,5.75,30.63,90,97,3.91,FR,1609532651
787,boden,65.83,21.69,24.8,100,90,8.05,SE,1609532652
789,kismayo,-0.36,42.55,77.92,84,100,8.01,SO,1609532652
790,nantucket,41.28,-70.1,41.5,60,75,4.7,US,1609532652
795,belyy yar,53.6,91.39,-11.2,76,40,2.24,RU,1609532652
797,mae sai,20.43,99.88,55.2,100,0,2.24,TH,1609532653
798,turbat,26.0,63.04,54.32,31,0,8.9,PK,1609532653
799,athmallik,20.72,84.53,61.43,66,23,2.24,IN,1609532654
800,marau,-28.45,-52.2,80.51,42,49,3.24,BR,1609532654
801,ulkan,57.24,107.32,-24.12,83,100,3.11,RU,1609532654
802,lahij,13.17,44.58,69.24,75,89,6.33,YE,1609532654
803,emerald,-23.53,148.17,70.9,94,40,4.7,AU,1609532655
804,bonthe,7.53,-12.51,79.83,80,0,7.61,SL,1609532655
806,saint anthony,45.02,-93.22,23.2,79,1,1.48,US,1609532656
807,contramaestre,20.3,-76.24,85.12,55,20,12.75,CU,1609532656
809,batemans bay,-35.72,150.18,57.13,93,84,2.95,AU,1609532656
813,nuuk,64.18,-51.72,23.0,85,100,9.17,GL,1609532494
815,kaabong,3.48,34.15,66.94,72,100,7.27,UG,1609532657
816,voznesenye,61.01,35.48,30.42,98,100,8.01,RU,1609532657
817,coahuayana,18.73,-103.68,80.74,35,0,7.16,MX,1609532657
819,high prairie,55.43,-116.49,19.4,92,100,4.7,CA,1609532655
820,guanare,9.04,-69.74,86.02,58,88,2.57,VE,1609532657
824,ascope,-7.71,-79.11,73.4,69,66,13.87,PE,1609532657
826,riacho de santana,-13.61,-42.94,87.96,34,55,4.97,BR,1609532658
827,raudeberg,61.99,5.14,35.01,91,36,5.5,NO,1609532658
829,keila,59.3,24.41,30.74,92,75,5.08,EE,1609532658
831,altay,47.87,88.12,1.44,85,100,1.68,CN,1609532658
832,robertsport,6.75,-11.37,81.09,79,0,11.95,LR,1609532658
833,pangai,-19.8,-174.35,78.8,94,75,12.75,TO,1609532658
835,san jose,37.34,-121.89,59.11,47,75,3.36,US,1609532434
836,wenling,28.37,121.36,33.01,82,0,6.4,CN,1609532659
837,paamiut,61.99,-49.67,28.33,94,100,11.12,GL,1609532659
838,abu samrah,35.3,37.18,56.07,68,97,3.98,SY,1609532659
839,santarem,-2.44,-54.71,86.0,70,20,8.05,BR,1609532659
841,malakal,9.53,31.66,78.73,24,64,5.39,SS,1609532659
842,melfort,52.87,-104.62,15.8,72,8,9.17,CA,1609532659
843,vila franca do campo,37.72,-25.43,57.2,76,40,12.75,PT,1609532659
844,muros,42.78,-9.06,41.36,94,75,3.0,ES,1609532531
846,carballo,43.21,-8.69,39.92,100,40,4.7,ES,1609532659
847,nguru,12.88,10.45,76.15,19,0,6.96,NG,1609532659
848,atambua,-9.11,124.89,75.25,88,100,0.87,ID,1609532474
849,brae,60.4,-1.35,35.6,73,100,8.05,GB,1609532660
852,portland,45.52,-122.68,49.93,76,90,10.29,US,1609532534
853,kawalu,-7.38,108.21,72.72,92,100,1.03,ID,1609532660
854,harindanga,22.04,88.32,62.6,82,0,6.02,IN,1609532660
855,nanuque,-17.84,-40.35,85.33,56,37,9.19,BR,1609532660
857,ankazoabo,-22.28,44.52,77.34,66,50,5.28,MG,1609532661
858,sosnovo-ozerskoye,52.52,111.54,-19.89,88,91,8.34,RU,1609532661
859,ostersund,63.18,14.64,30.2,100,97,4.7,SE,1609532661
860,north platte,41.12,-100.77,40.77,60,1,9.17,US,1609532661
861,bogatyr,53.43,49.95,14.0,85,75,4.47,RU,1609532661
862,estevan,49.13,-102.98,25.11,92,1,5.82,CA,1609532661
865,dakar,14.69,-17.44,71.6,83,0,16.11,SN,1609532661
866,minab,27.15,57.08,55.4,37,0,9.17,IR,1609532374
867,scarborough,54.28,-0.4,40.71,90,94,5.01,GB,1609532661
868,longonjo,-12.91,15.25,60.33,73,68,2.53,AO,1609532661
869,cancuc,16.92,-92.48,75.42,48,100,2.93,MX,1609532662
870,farim,12.48,-15.22,93.2,41,0,4.0,GW,1609532662
871,koppang,61.57,11.06,21.81,95,97,2.39,NO,1609532662
873,pringsewu,-5.36,104.97,73.31,91,100,1.01,ID,1609532662
874,port washington,40.83,-73.7,38.68,60,90,6.93,US,1609532662
877,tres arroyos,-38.37,-60.28,88.81,20,0,14.23,AR,1609532662
879,yvetot,49.62,0.76,33.58,90,50,2.62,FR,1609532662
880,muborak,39.26,65.15,26.42,89,0,2.71,UZ,1609532663
881,paralimni,35.04,33.98,58.69,82,0,6.93,CY,1609532663
882,store heddinge,55.31,12.39,35.6,100,90,3.36,DK,1609532663
884,starkville,33.45,-88.82,64.72,51,1,13.87,US,1609532663
886,payakumbuh,-0.22,100.63,69.33,89,100,1.48,ID,1609532663
887,kalanguy,51.02,116.52,-23.3,82,0,0.65,RU,1609532663
890,wad madani,14.4,33.52,75.34,30,0,11.12,SD,1609532663
892,tuscaloosa,33.21,-87.57,72.37,40,1,13.87,US,1609532393
893,sao geraldo do araguaia,-6.4,-48.55,87.57,70,40,2.66,BR,1609532664
895,brownsville,25.9,-97.5,54.18,43,90,3.36,US,1609532599
898,reading,51.46,-0.97,37.85,100,100,2.24,GB,1609532598
900,la romana,18.43,-68.97,84.2,70,40,23.04,DO,1609532665
901,sennoy,52.15,46.96,11.41,96,100,5.19,RU,1609532665
902,muroto,33.28,134.15,43.39,62,0,11.01,JP,1609532665
903,kugesi,56.03,47.29,15.8,92,90,8.95,RU,1609532665
904,amurzet,47.7,131.1,-12.06,83,0,8.46,RU,1609532665
905,miri,4.41,114.01,75.11,100,20,4.7,MY,1609532665
906,tomiya,38.39,140.89,24.04,93,59,5.03,JP,1609532666
907,salo,45.61,10.53,39.49,100,100,12.75,IT,1609532666
908,muyezerskiy,63.93,31.65,31.77,98,100,6.73,RU,1609532666
910,vryburg,-26.96,24.73,68.13,73,100,8.16,ZA,1609532666
911,tondano,1.3,124.91,75.2,100,40,2.24,ID,1609532666
912,raver,21.25,76.03,68.7,47,60,2.71,IN,1609532666
913,jaltenango,15.87,-92.72,80.91,55,100,2.8,MX,1609532666
916,saint-paul,-21.01,55.27,71.49,83,90,12.75,RE,1609532666
917,acarau,-2.89,-40.12,83.79,67,89,17.0,BR,1609532666
919,kochki,54.34,80.48,-31.36,85,0,3.24,RU,1609532667
922,nova olinda do norte,-3.89,-59.09,81.81,76,86,3.98,BR,1609532667
923,moussoro,13.64,16.49,78.03,17,0,8.84,TD,1609532667
924,beckley,37.78,-81.19,42.06,93,90,18.34,US,1609532504
925,jackson,42.42,-122.83,46.35,81,1,5.82,US,1609532500
926,whitianga,-36.83,175.7,69.01,85,56,1.99,NZ,1609532667
927,lugazi,0.38,32.92,69.8,88,20,5.82,UG,1609532667
929,ingham,42.6,-84.38,29.68,92,90,11.41,US,1609532667
930,chichli,22.83,78.82,61.84,52,65,4.79,IN,1609532667
931,nalut,30.33,10.85,54.09,41,47,7.96,LY,1609532668
932,porto walter,-8.27,-72.74,72.84,95,100,1.68,BR,1609532668
933,karpathos,35.51,27.21,62.6,72,100,9.17,GR,1609532668
934,kurilsk,45.23,147.88,20.25,91,94,16.46,RU,1609532668
936,vestmanna,62.16,-7.17,32.0,95,93,16.11,FO,1609532668
937,broken hill,-31.95,141.43,71.6,73,74,9.17,AU,1609532668
939,blackwater,-23.58,148.88,71.89,79,100,6.82,AU,1609532668
940,leh,34.17,77.58,4.19,54,0,1.28,IN,1609532668
941,kushmurun,52.45,64.63,-7.24,89,97,4.47,KZ,1609532668
942,sechura,-5.56,-80.82,80.92,51,78,16.33,PE,1609532668
944,nizhnyaya omka,55.43,74.94,-26.95,86,72,4.07,RU,1609532669
946,bat khela,34.62,71.97,46.24,42,0,5.7,PK,1609532669
947,vanimo,-2.67,141.3,78.19,83,100,4.54,PG,1609532669
948,zhicheng,30.3,111.5,33.93,92,0,1.61,CN,1609532601
949,egvekinot,66.32,-179.17,0.36,89,100,27.2,RU,1609532669
951,baykit,61.67,96.37,-22.29,81,47,2.91,RU,1609532669
953,kokopo,-4.35,152.26,76.96,85,100,3.02,PG,1609532669
954,awjilah,29.11,21.29,59.41,33,4,11.45,LY,1609532669
955,krasnoslobodsk,48.71,44.57,26.31,100,90,8.95,RU,1609532670
956,inuvik,68.35,-133.72,-15.68,75,0,3.36,CA,1609532670
957,camalu,30.85,-116.07,66.0,17,0,3.0,MX,1609532670
958,douglas,41.3,-96.17,28.98,79,1,8.05,US,1609532519
960,verkhovazhye,60.75,42.05,28.29,97,100,7.61,RU,1609532670
962,manger,60.64,5.04,28.36,86,0,3.0,NO,1609532670
966,xining,36.62,101.77,10.78,73,21,3.24,CN,1609532671
967,leua,48.22,18.61,38.46,93,95,5.99,SK,1609532671
968,san lorenzo,-25.33,-57.53,91.4,41,0,6.93,PY,1609532432
969,marrakesh,31.63,-8.01,50.0,61,40,3.36,MA,1609532373
970,gigmoto,13.78,124.39,78.6,85,71,15.97,PH,1609532671
972,cordoba,-31.41,-64.18,88.2,35,0,14.99,AR,1609532667
973,kalmunai,7.42,81.82,75.76,87,86,8.59,LK,1609532671
974,bourail,-21.57,165.48,78.26,82,100,3.58,NC,1609532671
976,mahanje,-9.93,35.33,65.05,93,87,2.71,TZ,1609532671
979,nhulunbuy,-12.23,136.77,75.2,94,90,8.05,AU,1609532672
980,oistins,13.07,-59.53,82.4,61,75,25.28,BB,1609532672
986,leshukonskoye,64.9,45.76,10.26,95,100,8.84,RU,1609532672
987,huilong,31.81,121.66,30.99,62,0,7.36,CN,1609532672
988,manyana,-23.4,21.72,71.85,76,91,4.83,BW,1609532672
989,pascagoula,30.37,-88.56,68.0,64,1,9.17,US,1609532569
991,quartucciu,39.25,9.18,51.85,71,20,8.05,IT,1609532672
992,gotsu,35.0,132.22,40.33,71,98,17.6,JP,1609532673
993,kesinga,20.2,83.23,60.89,71,59,2.13,IN,1609532673
994,marystown,47.17,-55.15,27.93,89,0,22.35,CA,1609532673
995,sangar,63.92,127.47,-36.02,83,100,1.01,RU,1609532673
996,taunggyi,20.78,97.03,52.14,100,0,2.66,MM,1609532673
997,nsanje,-16.92,35.26,75.76,90,0,4.27,MW,1609532673
998,nyurba,63.28,118.33,-20.07,87,100,5.35,RU,1609532673
999,mishkino,55.34,63.92,-13.47,89,98,6.2,RU,1609532673
1000,mabaruma,8.2,-59.78,76.39,94,10,7.38,GY,1609532673
1001,baruun-urt,46.68,113.28,-9.29,85,100,6.29,MN,1609532673
1003,afyonkarahisar,38.75,30.67,42.46,83,100,0.85,TR,1609532669
1004,kannangad,12.31,75.11,75.2,73,40,8.05,IN,1609532673
1005,ca mau,9.18,105.15,70.56,77,100,4.81,VN,1609532674
1006,athabasca,54.72,-113.29,18.66,92,59,2.24,CA,1609532674
1007,pampa,35.54,-100.96,43.59,30,1,17.22,US,1609532674
1008,hailey,43.52,-114.32,22.5,79,90,1.07,US,1609532522
1009,port maria,18.37,-76.89,82.47,76,54,8.01,JM,1609532674
1010,macas,-2.32,-78.12,69.8,88,75,4.7,EC,1609532674
1011,promyshlennyy,67.58,63.92,-13.49,71,0,3.83,RU,1609532674
1012,dalvik,65.97,-18.53,21.2,85,40,8.05,IS,1609532674
1014,ankang,32.68,109.02,35.4,78,36,0.58,CN,1609532674
1015,iskateley,67.68,53.15,-8.36,86,2,11.79,RU,1609532675
1016,kedrovyy,56.17,91.82,-27.4,74,1,2.55,RU,1609532675
1017,hay river,60.82,-115.8,-4.0,70,100,6.93,CA,1609532675
1019,dreux,48.67,1.25,31.44,92,40,2.24,FR,1609532675
1020,praia da vitoria,38.73,-27.07,57.11,87,40,18.63,PT,1609532675
1021,gimli,50.63,-96.99,13.39,85,35,8.05,CA,1609532675
1022,porto san giorgio,43.18,13.79,42.67,32,63,7.43,IT,1609532675
1023,alice springs,-23.7,133.88,73.4,60,0,4.7,AU,1609532447
1024,shumskiy,54.83,99.13,-14.98,87,82,1.14,RU,1609532675
1025,tocopilla,-22.09,-70.2,73.24,57,47,4.27,CL,1609532675
1026,fairbanks,64.84,-147.72,-1.39,69,40,3.09,US,1609532528
1027,uzunovo,54.54,38.62,32.45,96,100,12.91,RU,1609532675
1028,takoradi,4.88,-1.76,80.38,84,22,11.21,GH,1609532675
1029,poso,-1.4,120.75,78.01,78,100,4.99,ID,1609532676
1032,asmara,15.33,38.93,54.23,94,56,2.95,ER,1609532676
1033,tabuk,17.42,121.44,67.42,85,100,3.85,PH,1609532676
1035,mundo nuevo,18.7,-95.5,76.12,80,100,10.87,MX,1609532676
1036,killybegs,54.63,-8.45,39.07,70,40,13.87,IE,1609532676
1037,malanje,-9.54,16.34,64.89,95,100,4.14,AO,1609532478
1040,plettenberg bay,-34.05,23.37,61.59,64,26,6.93,ZA,1609532676
1041,shuyskoye,59.37,41.03,28.09,98,100,8.63,RU,1609532676
1042,yinchuan,38.47,106.27,18.46,81,0,2.77,CN,1609532677
1044,khandyga,62.67,135.6,-47.4,76,51,2.39,RU,1609532677
1046,martinsburg,39.46,-77.96,31.19,100,90,5.82,US,1609532483
1047,springdale,36.19,-94.13,35.47,100,90,10.29,US,1609532677
1048,irituia,-1.77,-47.44,81.36,88,100,2.75,BR,1609532677
1049,jambi,-1.6,103.62,72.37,96,100,3.91,ID,1609532677
1050,ibra,22.69,58.53,58.24,46,62,4.61,OM,1609532677
1051,pareora,-44.49,171.21,60.01,97,100,5.99,NZ,1609532677
1052,kilakarai,9.23,78.78,74.75,83,86,12.17,IN,1609532677
1053,paysandu,-32.32,-58.08,92.98,24,100,4.0,UY,1609532647
1055,morondava,-20.28,44.28,83.3,71,34,11.54,MG,1609532678
1056,rawlins,41.79,-107.24,25.0,84,0,9.15,US,1609532678
1057,bajil,15.06,43.29,75.9,65,0,6.08,YE,1609532678
1058,bhawanigarh,30.27,76.03,48.85,49,51,5.66,IN,1609532678
1059,khoy,38.55,44.95,26.78,88,0,1.74,IR,1609532678
1060,vogar,63.98,-22.39,34.59,100,75,13.87,IS,1609532678
1061,capandanan,15.95,120.68,71.22,73,80,3.38,PH,1609532678
1063,rocha,-34.48,-54.33,75.79,42,84,13.13,UY,1609532487
1064,kawhia,-38.07,174.82,66.99,86,100,1.01,NZ,1609532678
1065,kudahuvadhoo,2.67,72.89,80.64,80,100,13.4,MV,1609532678
1066,trat,12.5,102.5,69.01,10,100,10.07,TH,1609532678
1068,fontem,5.47,9.88,73.35,55,0,1.32,CM,1609532679
1069,ozark,37.02,-93.21,33.75,97,89,9.08,US,1609532679
1070,carlsbad,33.16,-117.35,66.74,37,1,8.05,US,1609532679
1071,gwadar,25.12,62.33,63.99,28,41,10.96,PK,1609532679
1073,lima,-12.04,-77.03,77.0,65,0,12.75,PE,1609532627
1074,kuryk,43.2,51.65,37.69,71,77,22.84,KZ,1609532679
1076,mahibadhoo,3.78,72.97,80.37,80,100,13.31,MV,1609532679
1077,morgan city,29.7,-91.21,58.6,71,1,13.87,US,1609532679
1078,zwedru,6.07,-8.13,77.88,72,15,5.73,LR,1609532679
1080,duyun,26.27,107.52,34.7,85,26,1.77,CN,1609532680
1081,vredendal,-31.67,18.5,68.76,35,0,2.51,ZA,1609532680
1082,darhan,49.49,105.92,-8.77,88,82,3.15,MN,1609532680
1083,kolokani,13.57,-8.03,82.27,20,0,7.14,ML,1609532653
1085,sussex,41.18,-74.67,33.76,74,75,3.36,US,1609532680
1086,upington,-28.45,21.26,87.8,22,100,9.17,ZA,1609532680
1089,tabou,4.42,-7.35,79.5,84,20,6.78,CI,1609532681
1090,vysokopillya,47.49,33.53,44.31,93,90,6.71,UA,1609532681
1092,gat,31.61,34.76,57.36,80,0,4.59,IL,1609532681
1093,the pas,53.83,-101.25,17.6,85,90,4.7,CA,1609532681
1094,pervomayskoye,43.92,46.71,38.07,82,2,6.6,RU,1609532681
1095,ukiah,39.15,-123.21,48.58,81,1,3.83,US,1609532681
1096,pandan,14.05,124.17,78.51,86,91,19.53,PH,1609532681
1097,mosquera,4.71,-74.23,66.2,48,40,12.75,CO,1609532681
1099,chiltepec,18.48,-96.9,81.99,35,0,3.49,MX,1609532681
1101,athens,37.98,23.72,50.5,70,20,4.7,GR,1609532512
1102,waw,7.7,28.0,78.19,25,6,4.38,SS,1609532682
1104,eatonton,33.33,-83.39,66.2,92,100,9.28,US,1609532682
1106,hun,29.13,15.95,62.62,38,90,8.23,LY,1609532589
1107,tarbagatay,51.48,107.36,-20.2,75,20,3.8,RU,1609532682
1108,manali,13.17,80.27,77.0,88,40,2.24,IN,1609532682
1109,formosa,-26.18,-58.18,87.8,43,0,5.82,AR,1609532682
1110,praxedis guerrero,31.37,-106.02,46.49,22,75,8.05,MX,1609532682
1111,bay city,43.59,-83.89,29.84,80,90,9.17,US,1609532610
1112,khvorostyanka,52.61,48.96,13.37,96,100,8.41,RU,1609532682
1114,khowst,33.38,69.88,39.87,45,0,3.62,AF,1609532683
1115,botou,38.07,116.57,20.68,76,0,3.42,CN,1609532683
1116,ciudad bolivar,8.12,-63.55,85.53,61,29,11.65,VE,1609532683
1117,hobyo,5.35,48.53,76.77,75,89,17.85,SO,1609532683
1118,bandar-e lengeh,26.56,54.88,64.02,37,0,5.06,IR,1609532683
1119,srikakulam,18.3,83.9,64.63,76,0,6.13,IN,1609532683
1120,guacara,10.23,-67.88,78.64,69,95,6.24,VE,1609532683
1121,taoudenni,22.68,-3.98,66.09,24,0,9.17,ML,1609532683
1122,caucaia,-3.74,-38.65,83.07,66,0,11.41,BR,1609532683
1123,itoman,26.12,127.67,57.51,72,75,17.22,JP,1609532683
1125,richards bay,-28.78,32.04,70.21,76,99,13.47,ZA,1609532680
1127,mizoch,50.4,26.15,36.0,98,37,1.01,UA,1609532684
1128,labrea,-7.26,-64.8,88.95,59,90,2.75,BR,1609532684
1129,izhmorskiy,56.19,86.64,-9.26,91,95,7.02,RU,1609532684
1130,waitati,-45.75,170.57,55.0,95,100,11.01,NZ,1609532684
1131,sunbury,-37.58,144.73,66.74,68,0,12.75,AU,1609532684
1133,kralendijk,12.15,-68.27,84.2,70,40,21.92,BQ,1609532684
1135,kichera,55.94,110.1,-14.96,76,90,5.08,RU,1609532684
1136,marawi,8.0,124.29,73.99,91,100,7.0,PH,1609532684
1137,severnyy,50.68,36.55,32.0,99,90,8.95,RU,1609532685
1138,tura,25.52,90.22,57.06,74,76,3.4,IN,1609532685
1139,ulaanbaatar,47.91,106.88,-22.0,67,0,2.24,MN,1609532400
1141,warrnambool,-38.38,142.48,60.48,90,100,7.09,AU,1609532685
1142,otane,-39.88,176.63,71.01,66,91,2.04,NZ,1609532685
1143,tabas,33.6,56.92,35.6,37,0,2.24,IR,1609532685
1144,torrelavega,43.35,-4.05,45.23,61,93,8.99,ES,1609532686
